　雄狮少年,magnet:?xt=urn:btih:c90a9555ac19c36bb3ff34df62e3c470ad64e20f&dn=[电影天堂www.dytt89.com]雄狮少年-2021_蓝光国粤双语中字.mp4&tr=http://t.t789.me:2710/announce&tr=http://t.t789.co:2710/announce&tr=http://t.t789.vip:2710/announce
　Lightyear,magnet:?xt=urn:btih:5fbeb8ea503ea40e5ffc00ae6cf7184218eab66b&dn=[电影天堂www.dytt89.com]光年正传-2022_蓝光国粤英3语双字.mp4&tr=http://t.t789.me:2710/announce&tr=http://t.t789.co:2710/announce&tr=http://t.t789.vip:2710/announce
　神探大��,magnet:?xt=urn:btih:fe638ec16b1b2a099963b8d3a6d3b519dc528c0a&dn=[电影天堂www.dytt89.com]神探大战-2022_HD国粤双语中字.mp4&tr=http://t.t789.me:2710/announce&tr=http://t.t789.co:2710/announce&tr=http://t.t789.vip:2710/announce
　外太空的莫扎特,magnet:?xt=urn:btih:0899d0df8230de1d4d5e5ff0c7c985823cecdcef&dn=[电影天堂www.dytt89.com]外太空的莫扎特-2022_HD国语中字.mp4&tr=http://t.t789.me:2710/announce&tr=http://t.t789.co:2710/announce&tr=http://t.t789.vip:2710/announce
　隐入尘烟,magnet:?xt=urn:btih:a0ab8dbf2f3fab1b5b666687b288af6dbf504481&dn=[电影天堂www.dytt89.com]隐入尘烟-2022_HD国语中字.mp4&tr=http://t.t789.me:2710/announce&tr=http://t.t789.co:2710/announce&tr=http://t.t789.vip:2710/announce
　Prey,magnet:?xt=urn:btih:f8f5333a4570cbcd126f442341b0c9cf5652e24b&dn=[电影天堂www.dytt89.com]铁血战士：猎物-2022_BD中英双字.mp4&tr=http://t.t789.me:2710/announce&tr=http://t.t789.co:2710/announce&tr=http://t.t789.vip:2710/announce
　长津湖之水门桥,magnet:?xt=urn:btih:30f0f5117b59b4146fa9b554feabc4f06c9d1080&dn=[电影天堂www.dytt89.com]长津湖之水门桥-2022_蓝光国语中字.mp4&tr=http://t.t789.me:2710/announce&tr=http://t.t789.co:2710/announce&tr=http://t.t789.vip:2710/announce
　Godzilla vs Kong,magnet:?xt=urn:btih:b53c032823071d69f3c50ea6266ebc47bcc049b4&dn=[电影天堂www.dytt89.com]哥斯拉大战金刚-2021_蓝光国英双语双字.mp4&tr=http://t.t789.me:2710/announce&tr=http://t.t789.co:2710/announce&tr=http://t.t789.vip:2710/announce
　Peter Rabbit 2: The Runaway,magnet:?xt=urn:btih:45c370f0e511624c317dd8ddeec59786e3fbb2be&dn=[电影天堂www.dytt89.com]比得兔2：逃跑计划-2021_蓝光国粤英3语双字.mp4&tr=http://t.t789.me:2710/announce&tr=http://t.t789.co:2710/announce&tr=http://t.t789.vip:2710/announce
　Ron&#39;s Gone Wrong,magnet:?xt=urn:btih:a0b5d3b3c14fcb852ddf670db4e5b585a2834f0a&dn=[电影天堂www.dytt89.com]天赐灵机-2021_蓝光国英双语中字.mp4&tr=http://t.t789.me:2710/announce&tr=http://t.t789.co:2710/announce&tr=http://t.t789.vip:2710/announce
　Minions: The Rise of Gru,magnet:?xt=urn:btih:a2f59ce642a69536bd89834bca88cbe81c6241c4&dn=[电影天堂www.dytt89.com]小黄人大眼萌：神偷奶爸前传-2022_BD中英双字.mp4&tr=http://t.t789.me:2710/announce&tr=http://t.t789.co:2710/announce&tr=http://t.t789.vip:2710/announce
　Sonic the Hedgehog 2,magnet:?xt=urn:btih:fed352ee222f76a393d21d303cc88f9b85f472cc&dn=[电影天堂www.dytt89.com]刺猬索尼克2-2022_蓝光国英双语中字.mp4&tr=http://t.t789.me:2710/announce&tr=http://t.t789.co:2710/announce&tr=http://t.t789.vip:2710/announce
　你是我的春天,magnet:?xt=urn:btih:4521e2600bba2c87b145c5d9266a2a0338088436&dn=[电影天堂www.dytt89.com]你是我的春天-2022_HD国语中字.mp4&tr=http://t.t789.me:2710/announce&tr=http://t.t789.co:2710/announce&tr=http://t.t789.vip:2710/announce
　&#48276;&#51396;&#46020;&#49884;2,magnet:?xt=urn:btih:42a3676cb40fa399c9394ba9247f8f5ab3a29b9c&dn=[电影天堂www.dytt89.com]犯罪都市2-2022_BD韩语中字.mp4&tr=http://t.t789.me:2710/announce&tr=http://t.t789.co:2710/announce&tr=http://t.t789.vip:2710/announce
　Outside The Wire,magnet:?xt=urn:btih:41ee2e103ac93e8f60ec49679c3f94fac702b89a&dn=[电影天堂www.dytt89.com]末日激战-2021_蓝光中英双字.mp4&tr=http://t.t789.me:2710/announce&tr=http://t.t789.co:2710/announce&tr=http://t.t789.vip:2710/announce
